nonce,entropy,uniqueness,zero_density,pattern_score,is_valid
2099541961,3.6582748262259175,0.8153663005762969,0.06730264926776985,0.7385260962297724,1
816476661,3.643680865087542,0.9354220547111542,0.0566313834368512,0.7919301405289698,0
3123834000,3.442662081985568,0.7467932323018094,0.053429621859296075,0.6735941339557296,0
3699605602,2.9589606232160106,0.8484906468327762,0.03282910192627649,0.8601687565163811,0
186540131,3.4571281240284097,0.9213735460311763,0.04292736595856286,0.8627728219810102,1
2409390227,3.6162685240557053,0.8943383901503241,0.03171413500359846,0.8862343592445692,1
1981921392,2.9896436545978995,0.892673275333604,0.05590177183594031,0.7294172953122322,1
2919431164,3.95883583488855,0.8791629584348998,0.04336977499942713,0.8274765334604461,1
244858628,3.174777413037338,0.9483773949687313,0.04848888490722729,0.684533768109849,0
2887655438,2.6855189151363716,0.8138153778327836,0.03946075054345163,0.847287874258372,1
3590852696,3.540289363671359,0.8577702197746612,0.04637193091996762,0.8381896973383662,0
1236908967,3.0499938634422845,0.8251710862898048,0.03441254691434564,0.6471605064765927,1
2790278019,2.7949149023305386,0.8063487729259015,0.05022413428567409,0.6980191748825638,1
3488555593,2.653786651519055,0.7699591917287284,0.04909506345043475,0.8184464427757994,1
491420102,3.312367444477118,0.9271900738036613,0.06772342924674185,0.8065001546864622,0
1371786471,3.6977635591439437,0.7418874991746752,0.06231966797500694,0.7339199768183622,1
4006801830,3.586007170024738,0.8413280260026921,0.04893814633999602,0.7018940110976793,1
2337617652,3.6284631713282636,0.7260685104214856,0.047020131739137126,0.861330266792705,1
1227359894,3.571188774894805,0.7151863194746059,0.04171272034501328,0.6673877312716692,0
2695138988,2.545083913907467,0.8334349516247705,0.06196048148575499,0.783560224445887,0
4165329479,3.794741780528418,0.8100714934326021,0.044497651269187796,0.7971018394776098,0
4234443251,2.5420158726209463,0.8721244478846903,0.06315189380583226,0.6842167043103339,1
2880504049,3.380432729100625,0.8062017296594256,0.048199202481952697,0.6288130264314367,1
456529758,3.737970016146763,0.8172770147144934,0.039460348656728386,0.6786684248158602,0
2434381495,2.6034580757393084,0.9094749814002516,0.04346534339764106,0.8719487693682026,0
1666899389,2.8180851912570497,0.7657430416530107,0.03578432745150556,0.8241077941057829,0
131099591,3.473008604002133,0.936039656027304,0.06911467878510352,0.6953271188941071,1
763830848,2.733000175675914,0.8626061606273634,0.037415033832885955,0.7355527921760991,1
3739956743,3.5257024499289855,0.9159478471635725,0.03146467444049338,0.6582830278031307,0
4066715013,3.214475745241095,0.7894646423070674,0.04302279061564029,0.7324765735484134,1
2665486780,3.2824988985984755,0.9316221015172099,0.05078860279370685,0.7013898114132943,0
509594633,2.8296494684103934,0.7502709114488619,0.04735480682715318,0.8549251681452192,0
3810365670,2.902824823155579,0.719976970238693,0.044585514855759546,0.6201729984330223,0
465559089,3.387486216936195,0.9273976774980469,0.03273631211339492,0.7112050867848402,1
1413918062,2.7366729787969835,0.9353137682513244,0.03163465116697675,0.7361754604317916,0
992405657,3.052767323227439,0.7202421425522039,0.039519326481200656,0.63431504378379,1
1657601582,3.1800113277206656,0.8272636977652995,0.04864674363203623,0.8580844925808918,1
3705346773,2.5097945908450723,0.8185397486496102,0.04982602044900203,0.7696290761143711,1
2087238406,2.6643579862098776,0.7162326301797282,0.060791200468346435,0.8077833600434262,0
3592662129,2.699426747045027,0.7659472966936464,0.057550858178279415,0.8958651174833298,0
2692602170,3.923201155062907,0.9487703168225283,0.038844184957425795,0.6343919453659915,0
4108440843,3.2521970395896487,0.8387488403744531,0.04030549021988908,0.7269195996525621,1
61571630,3.30358525583153,0.7592018532394653,0.05122970935512578,0.8609023185530735,0
1490015995,3.271411905084258,0.8248383743654901,0.03450922394795049,0.7447714282880254,1
1804305434,2.513815885022485,0.9349713442911589,0.06808044359245918,0.7321736264372903,0
1336758765,2.765244660921314,0.8201250825312457,0.05698552220601153,0.809090836275263,1
1549961060,3.089409846298463,0.7118474954069436,0.04665936440387114,0.862058506176575,1
3222103821,3.1588823867923583,0.7492764639180779,0.0663272263333487,0.6792313338733634,1
866931774,3.243297781119402,0.8490655233380303,0.05534687144953171,0.6777550681314051,1
3933902920,3.843426815447657,0.741118106561649,0.06938395649073915,0.8223789249815816,0
807797592,3.535123134235886,0.7437337505264853,0.036335525781869424,0.8831776431412667,0
1705141743,3.561914849485298,0.7255605048202458,0.06633152842637138,0.6572547715024577,1
3742166357,3.622947240813568,0.8898824621812688,0.05809294078426876,0.7059349126053215,0
84960023,3.929888426909721,0.93537163764119,0.061863085275222975,0.7649946843807256,1
2794191376,3.4886084640072883,0.7906116877666585,0.053646794074498474,0.6899627324040957,0
2822038566,3.0519412695508867,0.939151227569619,0.032677117215561186,0.6979154894940628,0
2670343839,3.2394669024417073,0.7437961570923075,0.050390601611278896,0.632951286141533,1
236671527,3.324983429517963,0.7426819572013662,0.0353254505487688,0.7767213404464665,0
3573592926,2.8062266089131116,0.8830163473949143,0.0416582509021281,0.6948019940724495,0
218569458,3.015566212821625,0.834907959811445,0.04528965690257722,0.7948127730149654,0
1587403420,3.120494971584254,0.9204928896286877,0.03954526673148101,0.8946548166433219,0
3775202836,3.1612864726223817,0.811020858236456,0.03211653950194528,0.7306892158121354,0
1467756920,3.6200346141048545,0.7121227181732936,0.05493677788209672,0.7200392088510419,0
2249895255,2.823827946916157,0.7899052502326769,0.05473156541348788,0.8676561259923643,1
4028742910,3.0393002721759705,0.7102317299513697,0.03908016421639925,0.8993865908050529,0
1634428354,3.5315732402490214,0.8959007031484499,0.06594767684656963,0.7942073001343135,1
1419321004,3.150409012824374,0.7925987179852719,0.030901461218928374,0.6218257360827234,1
4142425035,3.6402867349174395,0.8416429239493493,0.05955839688259744,0.7568351998336335,0
2123489325,3.1169478453685024,0.8368338867224947,0.048700856871392285,0.8836781958916955,0
1095722689,3.4295522013198934,0.8906613185632057,0.0671737415644021,0.8976201808427664,1
252331374,2.915693319508801,0.7375802540072536,0.06108029718549949,0.6969847729486146,0
3885228351,3.990111463165003,0.810447371300972,0.0696340020909412,0.6551890954499499,1
1518870705,3.555737666953608,0.7764521403264654,0.053527017672292836,0.870413234770268,1
3929725504,3.9842829307417644,0.7597489903199329,0.03343555823629475,0.7724542601113839,0
3703046646,3.82047159344702,0.9393391678443226,0.06696799925883688,0.748456149557407,1
2028959441,3.8586356959512487,0.8464596093198138,0.03489467434634147,0.7801324068319951,0
2197401121,3.4871102734113792,0.7570307402684537,0.05848842101619803,0.734252464019993,1
977694519,3.4885818528661865,0.7098515676587276,0.04463524525657252,0.6483839483515411,0
1878566195,3.559949035006631,0.9148612802515148,0.040439419866572,0.7503405325651209,1
2551144494,3.8130409095903173,0.8396780202742842,0.05963743533355513,0.7156529482600288,1
675716145,2.794660456610077,0.8411781176854123,0.06305971418447083,0.8711162473879965,0
1128012816,3.5904156110751506,0.7549737928737438,0.060138183138663606,0.7220651487417322,0
2403298610,3.3573293653198366,0.7276709054833941,0.04648294832514198,0.8212455470721064,0
1596754219,3.936638707288913,0.7729011569072715,0.0508125731577289,0.7349810968657746,1
2274706069,2.692046149989048,0.8413045444152961,0.05864703220303151,0.7525825945663774,1
2760137272,3.79707028792092,0.8256570950020905,0.055422813991888725,0.7272771939977283,1
2648805495,2.977884921396057,0.7327463437187631,0.05397205571631365,0.7202545690708391,1
745386900,2.913545019107979,0.8789477258351893,0.04055193578275006,0.644403411602215,0
4045391691,3.678184135773888,0.9137557919257968,0.05299282813195458,0.6986063658186038,0
1108449617,2.6486238417558536,0.7136165094461804,0.06024030766295465,0.6645722905906751,1
2055572697,3.9548838622563407,0.7818325235885545,0.050481816472460334,0.6811606830890257,0
394303282,3.9990026138954304,0.9419489334909018,0.04709551462290518,0.6431399829121889,1
923715802,2.564532445579674,0.8635667828300517,0.04848060150165858,0.6221139027994503,1
1894043682,3.278883713940263,0.8850002436097144,0.06605924640308389,0.6222991798767157,0
963275182,2.990712342002816,0.809583580366066,0.03455114554298395,0.7938085564410218,0
2165168213,2.749245022014875,0.7104927734499406,0.06767881010460537,0.6064994578736387,1
530605698,3.6708135728658298,0.9070783470362063,0.030273077888401157,0.6998117396761773,1
286829201,3.8145723578491233,0.7923446198207369,0.06625550600432253,0.8964455374103438,0
3915039919,3.0187993622254385,0.8215037659138817,0.0488093711769041,0.6678671299956698,0
3898682859,3.22522166684955,0.9040628696520003,0.05625994785491238,0.7374345290897546,0
3239556921,3.11242928192388,0.7677792351690134,0.031093831697778955,0.6934018430578321,1
808640527,2.7633378221120832,0.7484183279610404,0.03309979734969075,0.6585006063683623,1
3453663067,3.6051781838618218,0.9003012639513035,0.04323968987208164,0.8126906977074827,0
3766259118,3.693102817503396,0.8978139039912315,0.03488581940755449,0.82855091300552,1
63900701,3.371911648046005,0.7720091342052164,0.04451257953814761,0.8477172303814853,1
2385952046,3.3344333188055195,0.8927750030598791,0.05049554386070833,0.7022619214770333,1
3246884408,3.8745870972615406,0.7706132895300322,0.042790587673242855,0.8337344489228482,1
263167012,2.862992192519758,0.7753751732115348,0.06709183512216471,0.8898845337319081,0
1188728904,2.716831364420259,0.8771040291778224,0.06584495355196399,0.7565250732464697,0
99248223,3.5444176104494574,0.7535343631655891,0.03130663416819666,0.7956981392244282,1
986256459,3.359271166244912,0.7532147719680142,0.06955991863797312,0.8074654569349309,1
3438821727,2.7924550502418324,0.7219361704754284,0.04694900978910438,0.639831182953957,0
453876541,2.812843063407901,0.8203026514756631,0.04379426988551903,0.7348430183542909,0
421449872,3.5870644601332313,0.9372807808053445,0.05985029448819672,0.6446632118034481,0
2883261085,3.1477851433938664,0.9205496713586963,0.03602479588135609,0.71119934202283,1
2088958122,3.135902316069236,0.8841934966385803,0.03280860277218394,0.894049782618439,1
1935682035,3.3213484969686204,0.9235145033437107,0.04789884085501951,0.7516973909371759,1
877865473,3.339427088320664,0.731328280573657,0.030070535555508173,0.6329313182415713,1
1353756296,2.779838515957982,0.791663529218936,0.05302605647066359,0.7283711154692971,0
2058697559,2.564031275530021,0.765486858456199,0.031768030994095156,0.6277305554804848,0
1033452125,3.8269129274810147,0.8805357093682039,0.05777774683075877,0.6887766436867009,0
167300423,3.2839577080128244,0.8584578282955856,0.032295349637889624,0.8062968483923894,1
3571709352,2.549305984064359,0.8430136794438278,0.047837083841556466,0.7593052787817883,1
3927661928,3.6665959824831305,0.727222344483301,0.06991423697679952,0.6488353028102654,1
1575152805,3.268417878850612,0.7179847009712326,0.0406587167021739,0.8592888090150271,1
735591793,3.4755772651640764,0.8072098059561313,0.04537322401790955,0.8352213179662119,1
436510233,3.101451939487804,0.7503489850645848,0.04823644113418487,0.6833206643864747,0
1963541543,3.424236605413773,0.7540289138380463,0.051017938828590376,0.8720715606257566,0
256723783,2.694464552719123,0.8347409135853556,0.036401367548981337,0.8627037833113971,0
2024184071,2.612901420532388,0.8241684497065622,0.05039234173113015,0.7467264431472715,0
1481566576,3.042731365246683,0.7445719341679673,0.051092593196049946,0.7734173850367914,0
2903162408,3.760961913384348,0.7631653740500846,0.05686872901486053,0.6882485970825819,1
3358064300,2.6455278781882607,0.7269391465586172,0.06462617813524477,0.6167507941997366,0
1439984170,3.6521624324166915,0.9168061273288751,0.05404018610618119,0.7957284909288154,0
1515858940,3.149340985676778,0.7982466751046032,0.03225191193036149,0.7200261520995532,0
1360109314,3.94065668174671,0.8070915698180071,0.0570111500397423,0.7601640947837729,1
3221032726,2.69548982526575,0.8324642250431247,0.042896626951010854,0.867662057766104,1
330997285,3.7436995296803284,0.7891116001054104,0.06471442454252106,0.8302737366125297,0
2229605624,3.699322914072483,0.8952016359715909,0.054721009302839296,0.8583984445218036,0
2098838996,3.6072016017549595,0.9171524242829738,0.04835577376157574,0.7282440708844881,1
3236045613,3.277608848324195,0.7686367712082962,0.06547554869600261,0.7972212392988549,0
2973398246,3.323490861603064,0.712428541012554,0.03355404742988589,0.6593289207027802,1
1227836533,3.66154810056018,0.7610174489107343,0.0570338639894686,0.764030700592473,0
3228176037,3.646995436120366,0.8719859161949358,0.06136903916410087,0.7124764196937444,1
1949557639,3.3921757264619816,0.9097744935002874,0.043642080109846174,0.7212080217212714,0
961406861,3.468778002051734,0.764937562935621,0.06561416181765097,0.8678348371278037,1
2789006764,2.6879695112711692,0.8194042261169905,0.038021014442875097,0.6646390875139788,0
3365464789,3.803324277052247,0.7018609177745784,0.033533290482919205,0.8856291580460267,0
2177511034,2.848689661557341,0.9195516158545741,0.03561264509717448,0.8121893837787346,0
1467568541,3.395757473844255,0.7698389540796057,0.046583561220197287,0.8032386549475423,0
2562977359,3.061217475826352,0.9280084189976344,0.037007003394196034,0.6822789295679338,1
2324212162,3.0469363582544773,0.7433701452890105,0.05279345742837402,0.790078280572727,1
2747161716,2.7593574132937375,0.7228446589513378,0.030561594064531072,0.858037066559425,1
2767282039,3.4767827877667914,0.8577239379240452,0.04145916952442248,0.7437596850034325,1
898479534,3.8489123760077346,0.8898556423840889,0.055008560218419475,0.613752233133802,1
2670016561,2.885309867409965,0.8198796981470049,0.053469917126519245,0.8537267985077325,0
2769826849,3.5967477595880633,0.8831671650597139,0.03265093786284324,0.6132414762494215,0
2470165119,2.680752020412775,0.9176662700009197,0.045416345473049305,0.7379213088299363,0
3777751877,3.4377450885555607,0.8295142670641399,0.06554620953205857,0.8074907614851532,1
810425196,3.5011949940697358,0.8736982857399636,0.05850799226617783,0.7475018307378686,1
3684881952,3.329097702011932,0.889915643018598,0.05542455597598339,0.886322624908161,0
4059415161,3.7747276720837,0.9216055757504006,0.037678432289828756,0.6181263321115444,1
2336660000,3.8988096816307554,0.7501037226794666,0.04070825457695305,0.7904229882011252,0
1451508087,3.3724189280332,0.8269669893621823,0.03266763059177347,0.8007390727150411,1
3055500454,3.2523832384798026,0.9431520719517184,0.0468226446566081,0.7913162671883253,0
2078546663,2.7182134695501725,0.8076225291698103,0.034828376247326945,0.6161363451825242,0
4029101497,2.7530086135016383,0.825527255319567,0.06814913868463689,0.723855208972591,0
708802830,3.736558529119885,0.7460307911004818,0.03792604016885859,0.7483395727738537,0
1905307191,2.996705543084854,0.7518904658389827,0.06144863566817776,0.7190465173108631,1
4204432345,3.6972924924814903,0.8978040499574543,0.046932783868167044,0.6395451392885344,1
3748539013,3.496820755700382,0.8861157916024939,0.03723993277747724,0.859828087574301,1
1661998404,3.1960105667570793,0.8095927822298508,0.057273858124351304,0.8898937571215748,0
652546242,3.8038963917704716,0.8299847775580381,0.050945279096614705,0.6627121714020019,1
2402812404,2.9964569930673663,0.8258915714330353,0.031996382302883895,0.6802339816830493,1
3399636249,2.634523405653416,0.7130194969140582,0.06168074548956603,0.8346261247527962,0
754898516,3.2859595103044548,0.7579916943300007,0.04613662904718345,0.8704708725695998,0
3118123511,3.776203032127159,0.8320240561904066,0.05425650768504512,0.7251696790197127,0
1418603945,2.605797607697075,0.9076945972750942,0.048157935561395936,0.6196176156276874,0
2215212719,3.0854966055058215,0.8820830423960764,0.030143213585388812,0.6325574733079559,0
2596955254,3.8780831087734917,0.7717030690475306,0.03463015717220466,0.7393588945356313,1
236434845,3.7889617262821207,0.8034029838211747,0.055378541970049835,0.618250598391412,0
2845167009,3.088925816982275,0.9261105032581644,0.03413759613074085,0.7488728410274262,1
1763370278,2.8288479387902186,0.8801198807447801,0.03188363817364782,0.6478499300773224,1
4008982710,3.095547804722962,0.8763826093899942,0.049816817009728356,0.8290703767789895,1
637627153,3.312365849679291,0.8420638810944017,0.037459985798527516,0.8818421764203586,0
2646969096,2.85374070122852,0.8275796456030231,0.041264071454729746,0.81711004982198,1
1914468276,3.4542207747910627,0.8681054055229782,0.058226522264839875,0.8916914697346983,1
571621526,2.60134681771009,0.756033281304746,0.04498530304181706,0.6203428216678489,1
4126403647,2.657619233735844,0.781947753929235,0.055234475213973226,0.8721106563575949,1
3645723088,3.8207970552127244,0.8145764479798525,0.0643384139414455,0.8419500914298199,0
3470363651,3.9911101188861364,0.9075790547273469,0.053715477951477825,0.8786272768945809,0
3428564183,2.964387360549256,0.7082309560113421,0.05279141056748457,0.8123207754656118,0
1181206217,2.698032993900455,0.7364938836037591,0.06553479959738212,0.681902869924133,1
462561842,3.0997315533757703,0.7073848644610281,0.05229307903778736,0.6616124170727377,1
1298387529,3.4299964781862275,0.8916463058042411,0.06658989268902882,0.862285455072202,0
118254725,3.3637752695956356,0.9221017887471272,0.044933360206906324,0.6576313344975339,0
4110594057,2.9492517790230797,0.8082189990672639,0.033814265157328764,0.6731277266412552,1
1377545956,3.5696105384306454,0.8985839243082655,0.03455674396471383,0.7255046861018246,1
2192311247,3.1810572025902877,0.9336544943536436,0.05744759336784812,0.7910184757514369,0
4254370174,3.5303719962040496,0.8383690073521588,0.06845594789860468,0.714693720603577,1
136668259,3.162463002187247,0.9173998527818219,0.05683428462579597,0.6607601220368791,0
3086914063,3.2523572739479034,0.7927137007815588,0.04950280657701306,0.6793541545675358,0
1482832567,3.9739101604401528,0.903903372129249,0.05313481356346189,0.8773715614768005,0
70965467,3.096988617697826,0.7858355302550593,0.04883692950872588,0.8967412479278885,0
3457010038,3.425245492916461,0.8110260269836171,0.06816398546066534,0.6306327843693547,0
618708118,2.5820566892763157,0.8381259156901169,0.0600500516454179,0.6163647983385269,0
4198537253,2.5865043655706677,0.8322833478313394,0.032254673547894915,0.8540527051397258,0
751439476,3.3514651024631057,0.847308197381457,0.03234423634410691,0.7404573343105455,0
2711661913,2.5442919699380444,0.7939809184957245,0.059099705579329996,0.7510466802844277,1
3987339019,3.8837281593396207,0.9466059401317279,0.04220163213636089,0.6645230469028176,1
892605803,3.3855077045759248,0.7923069063981191,0.05573039004810924,0.8325112067365346,1
175508038,3.2244285245864592,0.7278182012755108,0.040729034059085754,0.8336948660918874,0
2427592858,3.350666809198069,0.7906763804255877,0.05559452337173508,0.6983798767754822,0
2254601630,3.4598362903190196,0.9129978247518582,0.03662521146560567,0.809536450840471,0
2284863811,3.998424758704225,0.7288899073808895,0.061640087794514714,0.8740000695213865,0
91536431,2.67973576075963,0.7574203743929566,0.03838332093018429,0.7112827197595373,1
2565146144,3.0120033552777623,0.9285349302235519,0.04382415436861633,0.6384097709775537,0
4172428171,2.6323324430072983,0.8341730449629976,0.06949454315514808,0.6799689273165206,1
294179938,3.833656442778954,0.7877885309433477,0.041488131215787795,0.6475965812616782,0
3678253973,3.7657709004777464,0.7696520958116222,0.06232903694088778,0.840601252441063,1
2071531454,3.3423051612344996,0.7528092065333211,0.06665556781059011,0.7183156499373716,1
1786605865,3.252836045887392,0.7859991300415047,0.05052272256608714,0.7828795736339588,1
569066575,3.900438671520466,0.7440326571590077,0.03594436057629979,0.8335812760844882,0
2225024042,3.283199658015292,0.8134503117509922,0.048780328334656495,0.7699235274930369,0
157977780,3.2310888272451095,0.7733625753496619,0.04253260073743316,0.8987499391301486,0
2681237747,3.3979565530253453,0.9361977290973924,0.03374178907807323,0.6643696936937037,0
2285418714,2.7491141323519956,0.8396980267187873,0.03464323090715224,0.855470903954676,0
3123002516,3.771723459867517,0.851722178261195,0.057084330221262,0.7229879651069657,0
429866877,2.9562833324566595,0.7625564079775576,0.05200142933697499,0.8347069879594234,0
1891885095,3.9896150683381926,0.8728878612254836,0.06310498981993547,0.8258916172321568,0
2744227815,3.2839130467727378,0.9471294403023711,0.06857716997042915,0.6319272644463179,0
581809671,2.912083856079073,0.8520857408466058,0.03004686011720121,0.6565795925959856,1
4151750175,3.806152109028799,0.7533873192814473,0.038574737625676654,0.7148090415573397,1
1987965118,2.6328677383056656,0.7838418662316289,0.051574271015330714,0.7519704121489679,1
1537480123,3.548068396138519,0.9208066638713645,0.06722756095287355,0.817795722413401,0
244474140,3.804105756683093,0.8588433869071374,0.061705322151718096,0.7301709958464786,0
264586153,3.58044045641332,0.7455421874618641,0.030041130599503314,0.6013575847495255,0
1926582871,3.5038167086820917,0.9377373355658847,0.057720272950629425,0.642497949470093,0
509297716,3.479672236010372,0.7110376468757099,0.03169203939090847,0.837095807152004,0
1114485545,2.613736992454178,0.7952904848553144,0.03813488554209996,0.7245697818458829,0
1277705844,2.8248196512922763,0.8566337596580194,0.059963340044385686,0.7546025830943965,1
1600604923,3.561214040798247,0.7496733874815741,0.04844430808918801,0.6594840777085281,0
2075763294,3.456183265154136,0.7459763420283688,0.06223492170715341,0.7643490729557769,1
55871483,2.677729245206694,0.844870914955536,0.06801531835824057,0.7670020836901594,0
343074575,3.530378576527129,0.7258335431142424,0.05297138852472575,0.6266057654488728,0
789864926,3.7543129095463814,0.8494812342293443,0.03538283565537749,0.8195499148427783,0
2792641367,2.639495884318265,0.7370420328743932,0.0661135688472948,0.779727050251833,0
130139505,3.071997561402744,0.8250554962848903,0.05645770742877873,0.8461219513427014,1
3161835002,3.791935132926671,0.7654863114380235,0.03768094455350811,0.7296548870732943,1
2926646860,3.815595045402072,0.7421181095006522,0.0477718624125921,0.8251819913218995,0
2225758786,3.9006759457645233,0.7337878643043099,0.06277663232499034,0.8694213293775135,0
4568416,3.6061035710526257,0.8476647666307695,0.04540464892836659,0.8812471076863388,1
323445987,3.3801373670662147,0.819603255656308,0.06723102086279745,0.7667820562613914,1
2638618454,2.818687538115189,0.734840666558596,0.06317629454606144,0.6518297772150576,0
2018994312,3.2084515126011492,0.8127300626877919,0.05017302332380108,0.7784231193697305,0
457115868,2.529874832632342,0.8374239606265312,0.05069751081289775,0.7811972584836088,1
3102465345,3.0875806724155583,0.8925231092219563,0.03473354787919514,0.7358927644867052,0
921678252,2.5855277079269268,0.8805163720162642,0.04860509364219725,0.8233420073765438,0
1734200922,3.617460819332501,0.7993514916851132,0.06769002031974512,0.8216335479154245,1
2268071387,2.7642142743274754,0.9085246351067797,0.046679930461743846,0.6917862126351997,0
3348537357,3.4037513519366267,0.7597515573439413,0.05937799977232129,0.8281449559972002,1
3287727040,3.4365800037916046,0.7621105833401589,0.05045444341636182,0.6088038706728013,1
1871785310,2.7078151996282838,0.8835297115765736,0.04764735683851723,0.7182189732028609,1
516595709,2.73725769985617,0.9304457131666666,0.06072328525902252,0.7070109108527035,1
6849744,3.913441206870128,0.8292999559619704,0.0538194908402104,0.6289603095226215,1
3705129239,2.6618820706041193,0.7169597734181564,0.058060705346554956,0.8668025221950861,0
3195516792,3.081473799763294,0.7899802218117498,0.06010975796445009,0.7523698136956045,0
3982543451,3.386707061508109,0.7949580816044655,0.062253186301243955,0.8333776177617677,1
2328506797,2.6280424680249186,0.9384575603254706,0.050763401561410945,0.7060170585736856,0
83035461,3.138163771484007,0.9384543916614405,0.04089982811079618,0.7068529361696532,1
763487175,2.567675519830842,0.8249548119493726,0.06600411534165662,0.827925585207923,1
3010394480,3.5007099442706933,0.7163130421554441,0.03997833993546534,0.6688306621771215,1
592596941,2.5807135661104543,0.7038931471807017,0.04288547058639929,0.8708972206115659,0
3424918279,2.882062263623656,0.94019573208984,0.057506005000027116,0.7246493475847254,0
4200059411,2.9187962957279665,0.9292616685772328,0.054136131648396785,0.7642990637494197,0
2190480406,2.633991331159401,0.9192808250832724,0.06420611784389305,0.7532482283884836,0
1059552855,3.772132640692307,0.8045868231737099,0.03626597222875612,0.8706729405927827,0
3043851226,3.0249043091736603,0.7181938520831552,0.04448886349994284,0.7102712746738176,1
3941756285,2.5726374501275284,0.7825331084815235,0.055561784800970196,0.8575960422487059,0
3161896334,3.338714349805299,0.8658965196675392,0.0344511418917939,0.6198840251500748,1
3621063993,3.6091450079643215,0.7885553941807067,0.05355880621815226,0.8128171012583163,1
135397193,2.848426808038143,0.7786054456401801,0.05552739370025912,0.8933738672081404,0
2967335574,3.6745365504487864,0.8840150059515135,0.06278475838412409,0.6321657260194843,0
3648813188,2.8913469583000806,0.7377696659450246,0.04470362368773865,0.8618738969276553,1
230556590,3.2437148745754865,0.8937975274216323,0.05384361109917088,0.7962781478833642,1
1552330608,3.973435037838954,0.9227777981239141,0.06195828760543311,0.6542407099005637,0
4061656975,2.839242163517493,0.714587841629527,0.0330808318677761,0.7833824974710288,0
1424479392,3.749120586670834,0.7894522693463688,0.06766383489885539,0.776185492254275,0
2947243933,2.771095776710165,0.7570726321111017,0.03958073163237443,0.696077622825159,0
2652614911,3.182282825859854,0.7367655058050107,0.06502775209567782,0.710777239125572,1
132124000,3.606718987262492,0.8271274792490143,0.06924324405268324,0.7088885934898437,0
141167478,3.8943704992534594,0.7418581573610487,0.06530213162127421,0.710810260673927,1
2444434648,3.1507751461768017,0.9242279286277291,0.040707945904763364,0.7755427145939902,1
752900893,2.767466597336689,0.781633193745672,0.06912012843676546,0.8330657236429746,0
2103938589,3.723955939572316,0.75938557890801,0.03589339996046162,0.7767828822069718,1
2791738995,2.7350072605503675,0.8156471999011792,0.05397566010889018,0.7360942896817543,1
2185999861,2.6616778994776005,0.7168130731717299,0.0606335627073263,0.6824000169118555,1
461553515,3.442443805795784,0.8162569970106128,0.05270636471760616,0.882707177609671,0
2439670483,2.9278998296660306,0.7216661602408855,0.03061857861698224,0.8543688617062744,1
4112191318,3.063368386602086,0.9010116464859508,0.0615692906376478,0.8793409326767083,1
1141291313,3.640603110792135,0.7730729222142431,0.061180117349581606,0.8692300380287223,1
1946132802,3.0901057821396276,0.8810905008164928,0.03436147022140751,0.6075590048034992,0
86874245,2.569859845786034,0.7881589533895542,0.031656292856718046,0.7836630394287406,0
1502916616,3.4816622156658688,0.802601085170294,0.05609896151886362,0.6703879538343748,1
2704567229,3.7755797966980515,0.7570393956471283,0.03575775378701518,0.7915457100938518,0
93005705,3.922852854371415,0.71066118506968,0.06212398827714169,0.672159323165589,1
179215543,2.8415780905836376,0.7186486019717166,0.030999889157850635,0.8453454022275444,1
1392195775,3.1323829287202303,0.9067712990964535,0.046718792760974084,0.7670231568352631,1
457833991,2.748861117687739,0.7814225699039531,0.06717427846752391,0.847981174596612,1
1541125107,3.5601885809745166,0.8726785462959662,0.04919294028718567,0.838621272242484,1
119773465,3.087138977010989,0.8462254997093778,0.037286998321010706,0.611856491400312,0
3023122054,3.723281541213458,0.8905246800088923,0.04624645092637536,0.6376283388775934,1
502697606,3.1785678808389908,0.8865035844515602,0.03489883676987646,0.817612889457142,0
3343923503,2.673233172483838,0.7066338790533414,0.05547564645029478,0.8541909409313125,0
2014535991,3.11224577268835,0.9356586501154661,0.05905031733066797,0.7050504990750738,1
4014639988,3.226663820020534,0.8401772832949872,0.05664873565416648,0.7629809964099348,0
3416582341,3.800581089933683,0.913124059322845,0.05509373950435763,0.6394908503049596,1
1450793945,3.0991714265772647,0.8781910104104227,0.06725139950100997,0.8324079270072431,0
2603777066,3.7205316657618317,0.8928689726193672,0.036231765887124186,0.6383989329802279,0
1618922656,3.28387282952259,0.8228719116152077,0.06011810104176374,0.7918459892325873,1
3348549796,3.071374423925457,0.9073799066811656,0.030219528633885592,0.8352715576153766,0
747867451,3.366968243015049,0.8174502902744603,0.04912194631359544,0.6749487996346918,1
3403878708,3.166665041372326,0.8002581514218696,0.04512473521219644,0.7865698918436443,0
3442474035,3.9373485863539806,0.8018347279720909,0.05348348813771178,0.8418645551169732,0
1577000116,3.756376335819879,0.7669956493819081,0.03791641004879298,0.6665641309695143,1
4170485903,2.548547110651445,0.8684803937467246,0.05377688025321939,0.7602093592634551,1
3589879657,2.9325552564824697,0.7042374157361363,0.054160152541339004,0.7791330951897717,1
2365599613,3.001577366444249,0.8863762114790912,0.03668801103474456,0.7454066010762552,1
1751190845,3.301311496383356,0.9144055675259548,0.03739273750497198,0.7773194205914777,1
1591274836,3.3615450760250933,0.7035385466221332,0.06603815194515963,0.7239246886500857,1
1589863160,2.9468326449876816,0.9478892920675609,0.044232809091305364,0.8727527963821718,1
627791904,3.8683953132003044,0.8293762419493216,0.05459903180969182,0.6860143399983449,1
3337053252,3.493886718102493,0.8964490047933025,0.053348699570030814,0.7892877522044986,1
1260968115,3.582470327317014,0.8709946498027001,0.05515701920654534,0.7923790871488319,0
1900645658,3.2382435409787416,0.8431594288358416,0.059305587534715626,0.6143526091863033,0
2964720583,2.537223191152117,0.8489571668701941,0.06848931134886,0.783295124770663,0
758024749,3.734331553058262,0.7386088994427056,0.05102569293966337,0.7223470571059974,1
2723026681,3.7131097622138354,0.8933153253741793,0.05403465462493967,0.6986551845287534,1
1268836361,3.5640906139723194,0.936677091140012,0.06736621621028195,0.7377742773126779,1
1783427572,3.644365996457931,0.9063853064336408,0.05795688156979547,0.766165593991921,1
141310159,3.299960824073522,0.8364225871105468,0.04747400560151398,0.8131831903830689,0
2522140332,2.6646568585022323,0.8050297473103193,0.06265406253101105,0.8343917211292695,0
625410958,3.0998971315039725,0.7960973881570088,0.05245948733887822,0.7740868665085872,1
3398100336,3.1562955627658225,0.8820768372596488,0.03309749206580809,0.8541990007099797,1
2083087738,3.4997471440271353,0.7381016294709668,0.044816207664636766,0.8031973184249885,1
3748110437,2.7980302036608515,0.7830332587861898,0.06624093869430028,0.6978435917112482,0
3969818365,2.634023831728598,0.8123179915467917,0.06958728428879916,0.7500771056097073,1
4220912777,2.838649350054321,0.8395498831975394,0.05698129372259132,0.7301217366438016,0
1475058677,3.133307190332723,0.7059910903106968,0.03038360401456261,0.7610006959682466,0
3042672917,3.573060071130425,0.7031470993736573,0.03425867598053876,0.6405063648823305,1
3699562365,3.4752015422595504,0.7508868135365323,0.037060280581157595,0.8760834368023973,0
1363150481,3.644624429463909,0.8662813209114973,0.04488490186029996,0.8682424158929984,1
2332328313,3.325346405560685,0.9039716131012834,0.0445331732351813,0.7092923929476636,1
3860288824,3.125063789195695,0.7794815744698361,0.055655166179515894,0.6270232180014624,1
1343859175,3.031947330326353,0.8585516622050042,0.05123564231498262,0.673925614591412,0
3489573638,3.2366504874922812,0.8318190394702045,0.06699655635825068,0.7867854358769832,1
201309749,3.125795230235836,0.921184831982459,0.044306548388329765,0.744167804104219,1
210826217,3.1286329923666956,0.8027326140389568,0.05358517973707244,0.6165772387207336,1
2542202171,2.8786437873205784,0.7394796513886923,0.05619015532479349,0.8643941872213416,0
4118358961,3.704547962013361,0.849926196612527,0.06837139264752107,0.8333173222888197,1
374400241,3.7100763534511776,0.8879940167624332,0.05983160574639559,0.8273382900024512,1
1369339083,2.5425066252059536,0.7897150522529208,0.06924618383193512,0.8256761421351119,0
3445882159,2.86261258539195,0.7668440153414569,0.0655786826446133,0.8391816857554872,1
1038388336,3.970363503204891,0.9174447327444331,0.06489300332706045,0.7170194016584805,0
818771653,3.82259715718142,0.8611563905988584,0.04108713290068412,0.7163344880510418,1
2472328781,3.4443561159136804,0.802791848332798,0.03934652196528733,0.7889367174985419,1
1490183393,2.565511856614032,0.7690600731926907,0.05315290587139781,0.8911289610651405,1
3707724421,2.922351745316925,0.9139452514018758,0.06654920371442402,0.8829738519258332,0
1674510658,3.564632198589996,0.8298619185638982,0.04644974699614152,0.7818446374031264,1
3029552402,3.62349285643526,0.8710180583600854,0.04126345211987355,0.78561124841276,0
265539147,3.8088713974943467,0.8752207200807334,0.05408361926177417,0.6571149570153364,1
264716851,2.9363057304806697,0.8537267099077835,0.03623193114455317,0.7339575042065549,0
3495770593,3.5119503915524546,0.853336433617035,0.046717187413270696,0.7382886158966958,0
4132089012,3.1321783158536736,0.7934294053991132,0.05508869244284824,0.6787043355196862,1
802859263,3.685545205565022,0.7001456059092936,0.06666891504277825,0.8735082209596768,0
662568439,2.751214507279814,0.7179712205161162,0.04866476296892887,0.8728806712020045,1
2406180822,3.6177427340464643,0.8775173744707003,0.06408847638600582,0.7763325966124888,0
79309152,2.6211085499718982,0.9278287678315795,0.04458511307340779,0.6631308757150085,0
3321147424,3.968909857250721,0.8443284084127513,0.030125081818056218,0.8272697939756033,1
1058207469,3.59000961970433,0.7291211019675021,0.04447869036808861,0.8594967715526463,0
358973518,3.929714971854323,0.7420006696708965,0.060642349860595975,0.7522777516355649,0
3472724646,2.8556337950925568,0.866662362225397,0.0587261198543679,0.6499401693142696,0
572956191,3.474872494543745,0.75661314067949,0.04114073316658304,0.8251710477991501,1
1146425826,3.612539371847129,0.8200335134063867,0.06376837243936251,0.7120220288435376,0
2128925242,2.693433937715083,0.7416058099994061,0.04178849073813208,0.6119569599080081,1
758049560,2.817739932550689,0.9326850983979551,0.06827258794543535,0.7605891959610305,0
3352645353,3.378817455155717,0.9406198937202503,0.042653515913200074,0.611427564765157,1
1894093154,3.5497365641462393,0.7582688741308267,0.037609813372333586,0.6765299884001476,1
4224585051,3.705284891840545,0.8674708025434188,0.04168709036545246,0.8338360068865996,1
3676099732,3.7974595246536067,0.7347970186440406,0.06834783831928648,0.689803442038005,0
1482525572,3.976948108702701,0.8802381209868273,0.05598969670398887,0.8178522652717944,0
2095683159,2.6104735940553248,0.713093107219263,0.06765086651039089,0.8631749297008027,1
3031680789,2.514853321246002,0.7124199986418144,0.06635887898860882,0.664680385543566,1
3917532596,3.503291983046533,0.7327126371260397,0.0484592390757998,0.7722062285825915,1
2614200432,3.7932334560840957,0.8062230241719223,0.03961609469931476,0.722865611637794,1
3720202282,2.80965588747953,0.8494099765040465,0.04180148006079662,0.7546930726412998,0
1132428998,3.387798815249905,0.8838747004717105,0.05084258101768373,0.6625340724176311,1
3635206142,2.758653138563744,0.7043414002945635,0.031600033957136744,0.7689534634979023,1
1739317297,3.847147091583267,0.7304748087772963,0.03594127899038695,0.86000007143102,0
2298150857,3.6176263570764653,0.9193691720321847,0.05284085200644112,0.7261450862358813,1
910125178,2.656670311686111,0.9142446833800406,0.05631858838629944,0.6252457453701876,1
230063093,3.2570498878522587,0.9442132806426566,0.05894457042065224,0.7585057822717474,1
3873342857,2.954579442694304,0.8700543763432975,0.04554243793360782,0.7413351554587049,0
3979929648,3.786936493140246,0.8925781943555524,0.03262557569990447,0.833916034687192,1
374122277,3.097727335033788,0.9119939363368832,0.04067931923862057,0.7741846688655188,0
901637284,3.756144865908519,0.8490470824923544,0.04342164910660734,0.8478412628563449,1
661683964,2.5467276693861916,0.8095650140565518,0.06663091356155826,0.8348508222214013,1
55236619,2.789153773072511,0.777597514736598,0.05175580049360304,0.8707733329891055,0
36073288,3.5356152155298037,0.7379507961207671,0.035965832535791914,0.8938806506860197,1
2888358650,3.4981324569557652,0.8326597891013486,0.04653289451744741,0.8633021435511499,0
3966438790,3.730183937746013,0.8488024750780835,0.06438710945345158,0.7055688415360603,1
1270176215,3.728990680617497,0.7534130628033855,0.06627471438853266,0.7030257100633931,0
2206165136,2.8905726075423805,0.7049613826050077,0.06599199663378318,0.6921277893686603,0
2860988239,3.2206473348659443,0.9266010741145154,0.04800969016242482,0.6845068538833852,1
4147356535,2.6668028420866396,0.7749785546010128,0.0370236204591566,0.8480913171484814,1
4175391531,3.4456024957874916,0.8689716111462675,0.04308574559654933,0.6291677005121217,0
715439619,2.6471847919460183,0.7918168491142537,0.04766805639054136,0.6583680175429653,0
2139413745,3.214893938703095,0.716838527579964,0.0453238744332072,0.8542463586654019,0
4002917330,3.0918564159827566,0.7576643495893107,0.05013839729735316,0.6636246612181772,0
4242599389,2.5567130436058627,0.7069978747870796,0.056523321509707763,0.6551860968130433,1
1315875364,3.5072426380238513,0.8174057599534268,0.04555885406890686,0.794816666168094,1
481465693,3.097478502064689,0.9175774912575405,0.03271603467879098,0.8336841581788585,1
2207852131,3.249373279674855,0.9483562844145013,0.0595181327826723,0.8471466333698804,0
3072547733,2.938050616126053,0.9088739433902548,0.03296674450675523,0.6879409095958848,0
731597490,3.110613859857782,0.7882479381548776,0.05186983902744907,0.8469381483582291,0
3378541786,3.590314318508416,0.8322044777863753,0.03238854589088243,0.7052384413105046,0
3117615936,2.520241905566047,0.7991267099947447,0.04583634134885482,0.8523413603798025,0
3578023970,3.879898100881782,0.8789755464397846,0.062740814073067,0.6222265356826964,0
2075820735,3.439275029538007,0.7783336226866899,0.03449553083992455,0.6348978378988079,0
1747769061,3.2004911788194295,0.9374538744611964,0.03839801593508782,0.8576509390583615,0
3960334432,3.9431784507199916,0.9456588237772593,0.04452618291268782,0.7178531706470453,1
2293184619,3.117476395451375,0.7349893399806104,0.03522428490787569,0.6610286812742203,0
3415264029,2.969691747844507,0.7014977574537696,0.03493089204464908,0.7796045433935965,0
1892248764,3.2124358921521377,0.760418163114603,0.06123262357764364,0.6959732783317496,0
1251035616,3.18416747009985,0.7129413029442563,0.03180623622139251,0.8379080801970272,0
1214116140,2.6835099783195497,0.7757621334660812,0.03492698299598841,0.7085823417024056,1
1959740870,3.589941317347011,0.8262271240604808,0.040183232997503496,0.6091008660359477,0
1703005831,3.3271192511070993,0.7927632258433489,0.06921843734761526,0.8409058515080343,0
4248853130,3.134883420077712,0.7771393814722317,0.0596642492751447,0.6314342567051365,1
4041689614,3.428414065860381,0.9451651112601414,0.03571710985638769,0.7785298021797327,0
4154668691,3.475552826274071,0.7143940105304332,0.05302312988656495,0.846727023727531,0
3423221009,3.3875385023364175,0.8119365059798871,0.05623973231139236,0.667969440720299,0
3914128382,3.8093954846573848,0.7984289013688454,0.04344951213154874,0.6705935901124364,0
3036201611,3.731568200389815,0.781243595078996,0.04837852339677379,0.6758423607524184,1
1609295397,3.909428532115962,0.7174745066448542,0.05799469836045929,0.8543984279235526,1
1390411826,3.237590497717847,0.8196953992577277,0.040194679937668176,0.7822890840904034,0
1402282142,3.3262857280716966,0.7599056629397266,0.06263914313508334,0.6448012128719677,0
3927188252,3.2223758975407897,0.8651792886581816,0.03783917590811489,0.602390463289255,1
1363632540,2.5012798822936286,0.8740545994603885,0.06597593642227698,0.7075468137381395,0
2181315618,3.0273898574014844,0.8440630760294812,0.041132121021736016,0.8499602842770261,1
3675597111,3.799152294321526,0.840110186487036,0.05160270961358275,0.6486704271012417,0
3369392144,3.3382729444261123,0.7826084678101559,0.06757516504724198,0.8738166246905099,0
1053211161,3.84907783835501,0.8061948042354687,0.0564226256642906,0.6704936070917763,0
3043516896,2.7481779628287177,0.7749572961050323,0.041351789455806365,0.6696719962740497,0
602389657,3.775771601313232,0.7485166727127373,0.0391338755135069,0.7601276584883347,1
2279221849,3.320473004573561,0.7204208877169065,0.0596003032883035,0.6574512019145075,0
2729259813,3.591987268394623,0.7527657578248335,0.06937413682327111,0.790744387011218,0
1889288992,2.7063419717000903,0.8529530507976112,0.05453846400191796,0.8553062946145161,1
751274962,2.5548323083839435,0.7754262792767541,0.059667332295423134,0.8943141515772541,1
568857242,3.041142030087018,0.8772151297795907,0.04286189259507103,0.8148744878852013,1
2786170729,3.5705559085053142,0.8424654095884978,0.04487974108139889,0.763172277451113,1
639180834,3.0054081520193368,0.832842903272083,0.042151038262573846,0.8304985531200321,0
3931050966,3.5351315121828724,0.7571794883461592,0.06302481525656817,0.8818122382693182,1
1628740223,2.836495547477635,0.8031644273439505,0.044200114973623736,0.7831965330633655,1
3178642586,2.500924063900285,0.927465600541524,0.06265804382951923,0.633179573550443,0
1762996496,3.5433503147028667,0.727535064249457,0.06385013134407069,0.8245808548844356,1
4189068050,2.961079225468224,0.7337873681591653,0.03178213589617602,0.8135500337098135,1
3372094508,2.7496835419198464,0.9286409928088233,0.04974755054591075,0.8893427635100823,0
1449830831,2.533791005620583,0.8872115938045932,0.06788879259490105,0.6487112960947561,1
3701181866,2.7500721652248936,0.927295605448517,0.034579709941005406,0.7341633390759172,0
489979828,3.0664097455206116,0.9398916377205957,0.06933409774857342,0.8437328503299755,1
667790308,3.428516382414175,0.8986978842467537,0.03551626715132626,0.689170393814023,1
2270852593,3.1585280381227303,0.9345974532415496,0.05625121013863427,0.733079133059872,0
2946654610,2.9842720269524006,0.8695322576796067,0.04200344050840256,0.7623796586892371,0
766492452,2.5255135953337597,0.743817363251001,0.0323352639837595,0.8930918387429998,0
1894322967,2.6268025720469423,0.8839057777424663,0.04575907455952369,0.8973010807087145,0
3530043285,2.933809563468407,0.8152902223481197,0.05376119423376556,0.7206554719233694,1
3462098156,2.988297637663612,0.768542749787735,0.0488315023886407,0.7479833874073857,0
3225062755,3.1699731148446313,0.8030957806506266,0.0315534504391841,0.8501601989622416,0
3611153906,3.2925403168821226,0.750722467451216,0.05781173757294487,0.6477200062521588,1
4020183312,2.598624209830561,0.8201258358375842,0.030278151160401827,0.6711948004541876,0
2268986881,2.7612154938262323,0.8183606730723437,0.05451671987696751,0.6963855978460445,0
2981081525,3.085840422278146,0.7687913839397651,0.032652656549645935,0.7839719917160786,1
2264394721,3.919015733791703,0.8062643769906159,0.060679675327986585,0.8831900991659407,0
874495487,2.5616454396508925,0.8628314801869645,0.05728080851080016,0.6298492601449475,1
281498202,2.609746320515596,0.8358070835463054,0.06864860696804917,0.7532299826824203,1
3173285117,3.755967791855774,0.8708108515888702,0.05872523328742426,0.8390468214307236,0
2349237222,3.5233231297889223,0.9419084069863733,0.0608490865824269,0.6110372770952721,0
4052565042,3.301133770959326,0.9298010275229474,0.047147948877285475,0.84599866387978,0
4090688903,2.928829611812832,0.7587306316299764,0.06741228841790861,0.7956417291965643,1
2269355960,3.120320721247511,0.8512957948445742,0.0476897556599248,0.7235795208486744,0
695825236,3.6753850472623992,0.8138016594983002,0.05212501292388935,0.6000325150042045,0
4107842646,2.5020063713517313,0.90859288977997,0.03733313645796872,0.6302480067674772,0
619296909,2.8756963973653917,0.7702740635284859,0.03635567074916578,0.8217431419916483,0
1013582128,3.2326732836831287,0.7484052431343128,0.04745100965257727,0.7219986705449751,0
1406086962,3.6074187029396896,0.72112366791323,0.05841514778564326,0.7897705927542427,1
739995931,3.141134824659961,0.7821956763194773,0.0341826812977523,0.8199327348939516,0
2014460871,2.5709836511378947,0.8087110585543422,0.055042800709790396,0.7521213509496993,1
2950250006,3.2836709616989235,0.7502229100036357,0.05565891589935375,0.7516055667192365,1
1107424410,3.5223885885657324,0.8457217475224803,0.04083203873589959,0.8305804175150233,1
2568974670,3.350581539270362,0.9364169588976218,0.05049998962562244,0.7823893264433759,0
3347618983,3.378322885412354,0.7225245961532316,0.04761875755098551,0.8094516364722039,0
829632150,3.3928241946656588,0.8230291733965303,0.05803032479546581,0.7036112175369046,0
122123965,2.914663987741137,0.937010409574312,0.03368830874569152,0.8732268021510923,0
857678509,3.189121053138008,0.9327952022920845,0.06239074437285324,0.8121268926718206,1
3245331172,3.25901494462982,0.8598391720957717,0.04033309160025725,0.7684658042148877,0
2557571946,3.182735926716795,0.825740501961473,0.03302333240828858,0.7673708587774363,0
947215009,3.0164439303403725,0.7761731040855793,0.051329547112416024,0.8060859568415057,0
678221292,2.5086841029137124,0.7016183146466181,0.03953216482218575,0.787307238190079,0
641782183,2.6425068362556257,0.9288542220394428,0.030206700105666416,0.8024284844470599,1
1221020407,2.748246204449773,0.9142282943149501,0.05020975007087776,0.6075884186035538,0
1000003828,3.2816624589402594,0.9232297250834609,0.03380007716861399,0.7959998067545437,0
2275008192,3.9790359489796625,0.9157626284384389,0.04504598416964253,0.6638356119730414,0
3978083259,2.666744958357569,0.722817817226796,0.04608915878545302,0.6714802734258937,0
616411351,2.552530507027241,0.7733971217754524,0.04153671496140758,0.7087408729625339,0
611283250,3.5151774156283504,0.7223545700168028,0.05768830430981646,0.6476313558632655,0
3183135712,3.781776038796955,0.7782966724975026,0.06308105944620374,0.6391816117442252,1
1873484198,2.6183717620935196,0.8658892183722755,0.03953000759895377,0.6753332740606209,0
101271158,3.6520558228899063,0.7018663763103108,0.03084134988868943,0.6906008356696597,0
2931713097,2.5259235935269735,0.9357209335763944,0.04048818597735699,0.6479058918650252,0
1678674483,3.2489500018850164,0.848305328995522,0.0413684289074401,0.7921592381097501,1
3840258877,2.785290732001478,0.8963846059168372,0.06849820149735084,0.6012061368512926,1
2251160772,3.4380846003411243,0.8499573964125633,0.037162270196742724,0.6465788478222471,1
1404777123,3.3301331711758477,0.9420869368041832,0.06137813175659364,0.6007614574717242,1
3845611935,2.7494360477515056,0.7782067030234572,0.04182670096146207,0.7497875479877867,1
3177516337,2.88206118784375,0.7795149406162157,0.05862829129899633,0.8209881502455958,0
1621418926,3.749751892676662,0.932290432937785,0.05106170952901468,0.894503432544014,1
3486939591,3.0138204254214065,0.8928604428143448,0.030386116092235547,0.8531363644213635,0
1344596548,3.6171469696911522,0.7746620770278111,0.05153595627110523,0.8778929161128111,0
1201642438,3.19028269433302,0.8127616790461657,0.051287916531836494,0.6196944826096377,1
2126054452,3.264435202283825,0.9455294045618559,0.04243951370910982,0.7012212483615883,1
3155830504,3.8989592856299513,0.8756482367886602,0.03920403699926516,0.6458043331651676,1
3771637635,3.3167618263822574,0.8086847188547838,0.04666396469232777,0.6391170661379131,1
2009981791,3.269134862503626,0.8606361732318553,0.05975322149152833,0.7754592998066971,0
149561051,3.696689515687454,0.7208339256330911,0.05006635262302581,0.7242218997653523,1
707289770,2.9057228866804095,0.8806539756020613,0.04487529531274807,0.632754705858255,1
4280543844,3.1180497000388465,0.9143737888051946,0.054295599326762714,0.6416801526423475,0
2001385836,2.7074834994633794,0.7701421285901019,0.03892977727918825,0.6351680417603078,1
709327558,2.55866971563805,0.8738344483757067,0.06065971519229241,0.8387690496165642,1
1120662411,3.190053688488123,0.7481224418557952,0.03974121425555198,0.7732947016067024,1
4195373841,2.7581316875594255,0.9361951389856378,0.05795556927749866,0.7566043862587157,1
3641430439,2.8749451124949124,0.7946707114273983,0.05283863257036023,0.7713206029921438,1
2373892066,3.2941428908850736,0.8271769908549761,0.042246743483538254,0.6550360698023174,1
2114967410,2.7613731043506315,0.8482249341749241,0.043460925974517506,0.8490550027283039,0
2983641500,3.255736319213521,0.9484573450893802,0.054508007598698324,0.7114617503705495,1
1700179904,3.3868419508242815,0.8223752127605423,0.06914020086149508,0.798448556648042,1
3249869291,2.8660312836510107,0.9115088030168719,0.06399414299194087,0.7028047823003982,0
3336464515,2.5176741901896222,0.8457280751644621,0.06923082431561262,0.6510456166199248,1
993016232,3.1949852621255093,0.8529724798433526,0.03362522606859065,0.7544554210320165,1
1874630923,3.1801454795536968,0.7596280979674966,0.054147042088219896,0.8757507080083841,1
1324425153,2.921453458093042,0.8659871860309654,0.03176198385848736,0.7378711952096818,1
2282592834,3.255066850314491,0.8465321135900581,0.03697225478925309,0.7130463171452398,0
575893293,2.518345151142772,0.7430364714993991,0.030188680562198766,0.824187191102512,0
154159348,3.6723775684573168,0.8510676290330629,0.03919021057566504,0.6761355155429692,0
559840503,2.9487113504666276,0.7062643724345616,0.06589436651486272,0.6629042378142733,1
2698999220,3.4460739311911004,0.9207943222399586,0.0627700667653983,0.7281390018136265,1
1373588949,3.2048517463518813,0.7452840964272285,0.042481221051116375,0.8750551563793338,1
2758506207,2.8456613129965027,0.7906473501033069,0.05645197444032004,0.705792180214847,1
1455426116,3.114271159475604,0.748604867478723,0.05237212902109166,0.6099610491974251,0
64906503,3.101186667329473,0.7059785089809479,0.030726913784263593,0.7076222715902589,1
1110044944,3.050250143016666,0.8694665089002657,0.041242284493213176,0.637009310964132,0
147454471,3.8766254070839734,0.9395783569828492,0.06921938260355323,0.729707209310638,0
1373520449,3.311869355770928,0.846179931029693,0.050834278917383915,0.7787057375863149,1
3655009948,2.6371857849451072,0.8441135396553249,0.03947632654647518,0.8787558324796729,1
2205638809,2.691375484661357,0.7843309596603939,0.03942306314605651,0.7024813606967937,1
913215329,3.198578194627348,0.8360558044944962,0.048261927164991204,0.772874857717516,0
1824106060,2.6923181064728667,0.7717559955725146,0.04113237000991523,0.8169902807789119,1
1055984202,3.611681107177985,0.8101050102227284,0.0618364134312527,0.8577601534465221,1
4140082667,3.682065155713519,0.9332660596159245,0.043734973289013844,0.6265655073393979,0
597238180,2.7738598108440105,0.9259175497636917,0.06298261378708857,0.7352471062547352,1
818241580,2.537619669184029,0.8047782094962637,0.03349068151378443,0.7843916790693537,1
1858482940,2.9876794887944618,0.8925196305663448,0.055556008021726014,0.6145029015806709,0
1228197031,3.6890050407089783,0.7980627888639459,0.048584311992072395,0.6447828613780918,0
398103067,2.7157901121746795,0.7170233151037855,0.06953803027064676,0.6567950285090525,1
747264634,3.9859168322661027,0.7741241515654536,0.06532595351099091,0.8815595565729423,0
565517486,3.562683636823758,0.8380305577287956,0.06316322051714518,0.8082115751390884,0
485983665,2.616558296391708,0.866411084153093,0.05396739683118067,0.7750700442238626,0
2603404011,2.8221429055514236,0.7534766433031514,0.06304797920254444,0.6024450290271366,0
3430899345,3.3699004608254737,0.7897799121335289,0.05119489917444144,0.6984847826543971,0
3693514156,2.6206341520290057,0.8389487385439124,0.0455097067045443,0.7715152624527953,1
2008083046,3.2097685703688343,0.9415225143283055,0.034907814372615614,0.6663053116639593,1
109363074,2.9546588469270985,0.7939590820211246,0.04555581083452236,0.8842480281352686,1
1562929019,3.2805039566117644,0.9155994688670177,0.05149574874600582,0.6640932918699819,0
3202528605,3.0631274358504,0.8781364257232812,0.033043557384261325,0.8573301461023011,0
4156891583,3.788128048439951,0.8709600370726541,0.03727309277431308,0.6636936387737457,0
2325429863,3.252695745358067,0.827202973763633,0.057674684880667446,0.7968227966889552,0
2590869248,3.057954169788314,0.84360641549507,0.04865215881110732,0.6416895725085291,0
551861053,3.98831788352879,0.876782704328666,0.05577776083341016,0.6395753580704264,0
1875732002,2.5253438104866075,0.8274714533869434,0.057214120828567125,0.8227892338683456,0
3406601147,3.853873685729007,0.9016848509920126,0.04468508436174978,0.6395285834312,1
1814932226,2.8652827383568056,0.7255416267324792,0.06951948558106044,0.8660572842252892,0
3574159751,2.8172442578623236,0.83018193100724,0.049671263595754175,0.803371493444045,0
905963586,2.9203658471453124,0.7780175503835403,0.03645850106727218,0.7403608934416607,0
4093284220,3.1467494106444693,0.7244941665058954,0.049668920699632045,0.6278860985223315,1
3308214460,2.698385641272691,0.8358564459921423,0.03823091916496427,0.8410998396529196,0
3211857477,3.6931447566272433,0.9048732505369772,0.042868217177997846,0.7790479148145502,1
1810737153,3.0734270052972867,0.9442143596766137,0.041840868968936296,0.8546334172586234,1
3917430010,3.0714349673306436,0.840530384263277,0.04651382240627737,0.7112592207582116,0
965214875,3.9035033936525694,0.838964445152981,0.03150225364027146,0.8005874004202307,1
987433751,2.570879146524709,0.8029717330041859,0.04727626080561399,0.6421176919423689,1
3423054128,2.6006582497151416,0.8437465060631326,0.0485920796207244,0.7528344788476564,0
2334707615,3.2632982994188917,0.8207261833654629,0.0303394299815211,0.6614694765507898,1
1102755463,2.9535204555624937,0.7622162747424415,0.0407482269895523,0.8675927610314668,0
766432948,2.6931468759947625,0.8481922166229968,0.05084286426603855,0.696531843121578,0
1037474867,2.6474625006538535,0.8260646350265959,0.06524434872480425,0.6945195842762887,1
4043195726,3.9781890784944345,0.8041105467554056,0.03980653361111088,0.8213555171908207,0
3142880083,2.751004068672289,0.9099635026785754,0.0592745604870459,0.8259277000732637,0
3215139716,2.6394639796980974,0.8068510989034536,0.06606227329080629,0.742358543062528,0
3922707160,2.5837627175533497,0.7491367992168905,0.06696892242016983,0.8480018816297159,0
1211624383,3.6832494368107636,0.8431729033537927,0.06973523634878999,0.8213994029125913,0
3611290656,3.6023069195452457,0.8384756719180602,0.04914784902782924,0.71891415227272,1
3307966644,2.6629685310083535,0.7634665954674892,0.03818964528845911,0.7438367563543486,0
3765653070,3.704025405342886,0.7196489445627716,0.03702507196215951,0.6791738870525186,0
1703162975,3.9295273755046116,0.85890576240835,0.033138769242216544,0.6328183178765792,0
1519400990,3.445844697828891,0.8145837915963619,0.04738457458284775,0.7377522840821604,1
1032190167,3.065113715113317,0.787229970837958,0.06380036594260376,0.7663575434347041,1
1506171916,3.7263864623210026,0.8191045062664267,0.055177422346477385,0.8494232470392764,1
61907677,2.67738353135364,0.9273683889032267,0.04860524040574553,0.7526184247297193,0
4129065149,2.6779265045430507,0.7156837647144557,0.06627552206129594,0.7520136356628795,0
1795437022,3.541503677634358,0.8606928100252157,0.03320287102045385,0.644722600667583,0
663012765,2.9073976232592256,0.7863707659103039,0.031792077769944756,0.6865478123297455,0
2037336332,2.889114680981055,0.8069177547014357,0.03366468919587281,0.7080016473077357,1
2973918280,3.175840111689652,0.7346674767800543,0.06940883488110741,0.6657031972716415,0
1909417514,2.870401254391215,0.9223229118610882,0.03746575454727692,0.8990762973303029,1
3633932693,2.790718209789475,0.9413720670672765,0.06246197205211619,0.7390983116883098,0
696653748,2.5477520331398527,0.8344262459601967,0.06169773528953807,0.891987351159894,1
3293800386,2.5390683552539954,0.8256204897951434,0.05215859003588605,0.6743210946585741,1
1083095245,3.885961535216035,0.8610604072607655,0.04468359821875158,0.7316717520747305,0
896338297,2.740842145780515,0.9352675565222363,0.04291267739497853,0.8834103229866592,1
1380832024,3.8737918058837635,0.7480645185706041,0.06275455261597804,0.7065434805266746,0
629976867,2.7315387244518146,0.8033510906872351,0.06539481863094807,0.635220636322396,1
1249019643,3.7183655464885126,0.8739091974843007,0.036789509447206596,0.8249296066011843,0
2217258245,3.97360544417997,0.8125201639866345,0.03572100209591129,0.7123585411861746,1
2208294115,3.013466800588818,0.8909432285783354,0.06976772567291166,0.7247223176585105,1
4009997044,2.7617076145007293,0.7470269794465496,0.031637851185630644,0.6030726157333184,0
3772682868,2.618017884888009,0.8735945392829527,0.04053355938397109,0.7109271276999347,0
2854436641,3.1798801451991374,0.7975268147089603,0.039040153778427435,0.779787506845243,0
2281101410,3.2421107241396947,0.8569395336071198,0.058811963334155726,0.6411400476590428,0
847490577,3.544307403587861,0.9161796125352617,0.06961629523152969,0.8100534747326311,0
3018327356,2.964639652059108,0.7869712897597874,0.06500582547246812,0.7576281140832859,0
3124597041,3.903094514928923,0.8861749889344344,0.0644577511830558,0.6310161283187907,0
1913481247,3.249463249570627,0.7517469059294642,0.06485784116697682,0.6717064624038052,1
4119607933,2.97272748195432,0.7303251145903115,0.041123303414072346,0.7790198485673285,1
519129277,3.1081746727599597,0.7709076397377724,0.0339509470101128,0.7002971812290383,1
2615082514,3.1816974370755773,0.9295976682367211,0.031184640477616255,0.7925387051237391,1
3042446703,3.354004262135665,0.7372381271505968,0.05591027990245909,0.6161056707977851,0
2224537545,3.7638981605749073,0.9360821060931365,0.06325373443934493,0.7571982422060227,0
451308094,3.755052723664895,0.7163902749182763,0.050853244515456406,0.8131958856567432,1
2164238395,2.935439864543293,0.8191408937988398,0.054150002519588306,0.6229818549234685,1
4087936767,2.505152537797308,0.8566156891252238,0.032205781732265085,0.7251984841175665,0
1265801297,3.788905642196123,0.8896480381655498,0.04132682693661027,0.6300001021571474,1
1507086070,2.5549968839159223,0.7172489692254583,0.03565200980078593,0.7154632220290568,0
2237509211,3.5587259151400814,0.8478772566539706,0.04653128370882792,0.8534175554003598,0
1839734876,2.5814215909960225,0.8766084725433146,0.05294258334621811,0.6579533170942148,1
2436043833,3.128875261044677,0.9446777766403177,0.03127815857276074,0.8278943738254325,0
2181447808,3.947293443070632,0.894556728584346,0.03523303026970871,0.8402802190652651,1
3929812878,2.5330753383787483,0.7014468191008902,0.03482824702276877,0.7958892063638087,0
793144324,3.1265151291861537,0.8208471621045506,0.06396271982883404,0.8707508090769431,1
42499530,3.0282100797930536,0.8039387921252538,0.05778977165676726,0.8076441932484575,0
3631508643,3.6193663892195094,0.8216817437964883,0.051770035955249635,0.6195630283393175,1
1061597550,3.7534890734078656,0.8030293062553902,0.06274489012256429,0.6289602348935514,0
3542085060,3.8191132862926453,0.8100822606404185,0.0672090071082767,0.7571924637826697,0
2740817433,3.7886643568700187,0.8662513143420534,0.03698934255324077,0.7560568551984935,1
3419995089,2.8268385963798455,0.9021734195654123,0.04604897903560057,0.6094975986793794,1
2818633847,2.517227965304224,0.7811989668462559,0.05947040673484229,0.8383812071166142,0
3701176279,3.41907588802653,0.9415525822689215,0.05483602047504083,0.8181152258989071,0
1107867345,2.7413749485263432,0.9123688691424192,0.04908571986994025,0.7122479581678461,1
519110587,2.978958464823418,0.9110677199526918,0.03604281117436488,0.6167488413681165,0
3096283315,2.883285389803402,0.8909603312482163,0.04751709491570458,0.8858400838330382,1
642738249,3.138780672585299,0.7986353160663643,0.05913110729381119,0.8392029720505751,0
3836689561,3.1733283497651685,0.9077007951514113,0.049236295276880074,0.8640412629461778,1
2996646171,2.841467256574984,0.7735510871784771,0.06239184914869844,0.7342136778409305,0
3875555745,2.5877898919936593,0.7262546922535953,0.04704288277814446,0.6953820820933619,0
1628463063,3.7459855771695887,0.9383801715203011,0.04774874791213705,0.6649105975973656,1
2845956411,2.7294017682499456,0.7544148456680024,0.05762954586329143,0.8584321698272959,0
948843301,3.60226249967638,0.7114748564426315,0.046618533321497055,0.8320116898384127,0
1817696022,3.196091635673823,0.8507797561034864,0.04366777298620121,0.8106791992702809,1
1375951714,3.8815302767762323,0.823530230343537,0.05855303533523987,0.811618035599365,0
1269610267,3.277215203570815,0.8675822521522116,0.05280437692984839,0.8199017876021054,1
1699808351,3.665534556230722,0.8287425999459831,0.05484340227549773,0.8580264995110735,1
3570768159,3.1456761032120872,0.9293579704959017,0.06199172551726445,0.7426588396220332,0
167964783,3.462084526986118,0.8307239800506011,0.03342714763821257,0.8899889248908583,1
2367700407,3.411213086436882,0.723917117200707,0.054479693064469675,0.7558560256248359,1
3129327474,3.0385735489640853,0.9403554442097429,0.031202904779055254,0.7543793562944795,0
1073866093,3.0498647768127345,0.8441104242032003,0.05428399142756638,0.6042055563757843,1
814694938,3.1478014761769315,0.7980413793706651,0.06037579537135153,0.6489220822890033,1
1173654780,2.6983502777015795,0.7046121675766853,0.049909190426939226,0.8599495415611353,0
3100358765,2.8822824510544844,0.7227348428129703,0.03124778344594235,0.8758791056030129,0
3532984964,2.588629386849145,0.7107767289621407,0.040254792584124885,0.8993781227633112,0
4135186846,3.6542090959778077,0.9439124355778792,0.05274971471633706,0.8540197143986956,1
2851171959,2.9899237669886194,0.760929420206743,0.060297159296786314,0.7990306038191147,0
380861606,3.3110267218657845,0.810830363801428,0.04618748196655105,0.7573087304293082,1
308195339,3.641605518534134,0.7434183701923645,0.040295371177846116,0.7042901930009469,1
84146977,3.2633117992269827,0.9213269358702028,0.054264426366531504,0.8948949768445689,0
1299585194,3.855455603953179,0.8960423685451975,0.05818882897055942,0.7852107577751222,1
2347594830,2.786929526866396,0.8010848158018593,0.06864399258076548,0.8235543416968629,1
3570932500,3.4921677338941506,0.8354608703951325,0.03090887095434999,0.695467587293926,0
449545326,3.215622864916793,0.7916013825352464,0.06727217101900972,0.8423434758477535,0
818411418,3.628509137822221,0.7168825417639632,0.060380386012227484,0.6646039248292533,1
1180796720,3.7657936633303146,0.7627713584509695,0.04342514186275047,0.7958362118185287,1
224923763,3.1366470483156808,0.8648679968808054,0.06632649698800772,0.7252711594102036,0
2656099837,3.410267731981153,0.8578756812079308,0.04526026861439787,0.7736216911674273,0
385373580,3.0408345698653125,0.9127643775500216,0.048167448208648406,0.6156896780821839,1
1769248523,3.264116150016248,0.7625604496992392,0.034386877573488704,0.795015063847915,0
2285222801,3.64062758585196,0.9266329711788066,0.042231969893314125,0.8732845547568566,1
1988480955,2.543608067978705,0.8713777691072555,0.056842283359167314,0.8618839470749307,1
3870928611,3.4506599564230487,0.9392026052492328,0.03574002480438218,0.8328995083790021,0
424276253,2.7591005953325527,0.9261570665711354,0.044793659403248046,0.6451113232394696,0
1407468466,3.5711267870386205,0.7254988192073686,0.048151385122050375,0.7416357202656407,1
3224246162,3.8520024353655824,0.8485160563472047,0.040955481148261606,0.7574664275107867,0
495063227,3.4450636203576104,0.8018555288228711,0.03908884076400478,0.790529495739348,1
2344418264,3.346554018176399,0.777916506530282,0.0369853823174994,0.612281916168889,0
3026141087,3.671618513855802,0.8839012578800319,0.051011974829438866,0.6578495588050867,0
1312986392,3.953620296249708,0.9207847522251286,0.06393136385271705,0.8090949429106976,1
3775213574,3.0063956654255097,0.741688608372418,0.06339516561815896,0.7546109342441152,1
2755263194,3.355527732700604,0.9466197108008978,0.05321726965380255,0.8325395523042334,0
3058791267,3.0777708303208224,0.7972971375146471,0.0313128238516773,0.8697958149088958,1
761002948,2.6912425033530374,0.8686961787715547,0.03579193564006095,0.6678707425067528,0
219633293,3.716836801905737,0.8804169587606121,0.05434401606015561,0.6133100568384758,1
1213788995,2.897367988031123,0.8006504082779596,0.06787087523625213,0.8902609909274254,1
2210203322,2.5870111386797827,0.8205150556771555,0.040317030174233,0.6721059812229677,1
1481732866,3.832646418562638,0.8677211717911446,0.06605764840221501,0.7959576952523088,0
1929651568,3.401236522961139,0.7309870511207681,0.06031506534506527,0.6673827885299749,1
2755513772,3.0571282310910144,0.7693414867643458,0.06534825168365174,0.8753008635276915,0
2112449656,3.1618243719942023,0.7431271615806206,0.0636982481740511,0.8059582875269738,1
1485662357,3.729300877075972,0.8004955065278426,0.059474579195841745,0.6378294090449498,0
632041120,3.697293298091931,0.933202753924811,0.03125399317678277,0.640611002402195,1
1871980114,3.7275880114119104,0.9311295104946808,0.05857265650078738,0.7848930051096376,1
2932741166,2.7161352291646113,0.8932274767375826,0.04644098157546579,0.7828739717040344,1
4019921673,2.9288986068701126,0.7507904874078613,0.04692523268720376,0.6407095638542986,1
3351514611,2.590881626929656,0.8350565951359878,0.04923501838694691,0.6409247437645792,1
4222561790,2.655239468072236,0.721777362591841,0.06510444656735771,0.6381038411554839,1
344878855,3.487513109601246,0.859729372886241,0.05978205045542922,0.6438386322433913,0
222021380,2.8934696199596694,0.9217864711938222,0.05712351126123021,0.7830246903539612,1
402740172,3.8333403416349916,0.7705625188151222,0.05324454827698773,0.6472309722038254,0
3702872997,3.881131107232304,0.8610992115326495,0.05284204515082723,0.7098824399057372,1
3843203032,3.5530267780357025,0.8789393905351784,0.06223703048614374,0.8781892732277216,1
4117173283,2.734141149393292,0.7456767954481224,0.04847676551475215,0.8221089829770154,0
3531875519,2.712179748243728,0.7858436835244013,0.06554933929699952,0.7676323186823437,0
2272898221,3.4083305144840685,0.8846058548770175,0.05893491748186794,0.7817082521161206,1
1235248222,3.464177075633385,0.7663239777931858,0.05742827054866638,0.6189007475116086,1
2449402325,3.9014486594725932,0.8488503658389644,0.0608845675958382,0.7234569817135843,1
2547410664,3.867686951074698,0.9091535148174984,0.040381071799374925,0.8940613325263431,0
4105566903,3.8644283330827998,0.7578854233652472,0.05192903920439772,0.6175091284010338,0
870764576,3.0597729979610837,0.797504617756528,0.03255953324462994,0.733232199806918,0
4210343169,2.811735053955694,0.8307971131322434,0.055889627071033385,0.721984445259677,0
1087193323,3.28395899918643,0.9387039854094344,0.038232327719620235,0.8524376950985252,1
1047049220,3.847956616264548,0.7105060687241467,0.04716849929814472,0.6896558196570212,0
2751409585,2.7479966693100604,0.9180683719905119,0.06020564613958696,0.659201778507779,0
1580311183,2.9082222173696732,0.7847497407539346,0.06430568145201668,0.6158474074327878,1
2452936498,2.9912457390468816,0.790752675773977,0.061811430184426,0.6889604629814499,0
203493337,3.7182230072187146,0.8253325766065349,0.04085743028511936,0.8464991848091351,1
1742156170,3.0901545549169165,0.9330406537571976,0.03518753691490035,0.7756344251545093,1
3505790338,3.4116106105298023,0.8303504146714529,0.03204921125619309,0.8405718892023436,1
4072367273,2.8555842412613437,0.8931035950265335,0.052891607347740094,0.7122129279768441,0
138135064,3.4679005246704637,0.8898389215136835,0.05768065019666328,0.7519786631921532,1
3064281262,2.6485173978660295,0.7833351659485517,0.03598078936893513,0.7469969478537783,1
2774430968,3.587462989396645,0.7378742736024891,0.03126942878643195,0.6232409207772139,1
3345906015,3.986574401863858,0.8105054508432663,0.05241364984102131,0.668304530423692,1
3246901932,3.2257771529343278,0.8676420530644164,0.03898776689991002,0.7813653935850647,1
3628417105,3.118853634741642,0.9407894636725791,0.05949578715956026,0.7014913225313951,0
1395595203,2.730061618001036,0.7165694625364816,0.03518338801854511,0.6402602019815862,0
3060229433,2.504528261836411,0.7167339080128704,0.06528967684691206,0.6399515745531632,1
2882507669,2.7634568280527985,0.9070283295218882,0.04860705807641562,0.6388335442487889,1
3984432053,3.8041917839540504,0.836742299637693,0.039247388290147706,0.7916684265836806,0
1703943909,3.6970717267893245,0.9378843553255498,0.04065175971732577,0.8667914634900796,0
2853821216,3.3807347230790206,0.9037053506946884,0.054386995782449155,0.7044117680158418,1
1884052298,2.6827283036503715,0.8540696916411153,0.06093762928413539,0.8415610682896137,1
2322960734,2.7847447530122085,0.7248247431845825,0.039692524626916484,0.8465608224452383,0
1067392194,3.7006243295349686,0.7324787580389974,0.05432958832067562,0.6151596193652271,1
3917633377,2.6979102316347414,0.7935879017941958,0.04904027796149796,0.7203423308160877,0
3887715075,2.996058707706532,0.9181019071956175,0.05213004692745224,0.8990169972590324,1
78259550,2.561096547462185,0.8527601431351972,0.06530530404429352,0.7617678137207936,0
2141467353,3.6781116417722712,0.8974364479104857,0.03438363037465668,0.8098421606932246,1
2419045830,3.883409816272458,0.8329093298825458,0.040729854061010054,0.8753823257591066,1
2753241327,3.451584979544436,0.7539457093960167,0.06279113063884387,0.8754815055918787,0
4270601890,3.6015611175821283,0.7934571427278547,0.05627741358383616,0.858799175850729,1
1001069304,3.5079784615748215,0.8066524779868649,0.038995227395307606,0.6368898434002054,1
3164693653,2.958544847508318,0.9415309630240629,0.0408258625843948,0.6533582965627169,1
461641259,3.3153871736236185,0.9468716776876599,0.03118923477253763,0.6283181786397836,0
1807500806,2.918340292520953,0.827735590600264,0.06387687340630611,0.7009426298808924,0
3669303043,2.9084875850482703,0.7209178724548143,0.05551660737641517,0.8340401697299773,1
2436085,2.981518121358257,0.9011282387129338,0.031215518801893632,0.7043448970412683,0
3272735819,3.792758878085281,0.927530001896086,0.03750826247969647,0.6542532848220253,0
2527757421,3.5556994491366387,0.7011981614800625,0.05119957484435067,0.8293851136149961,0
367876791,3.8489818854768774,0.8504279352745526,0.034656413674426824,0.7198971070052713,1
527345801,3.889695768307309,0.7880138347815844,0.060380841528412,0.6300760185105333,1
2149708811,3.899164031867927,0.8954289074804428,0.048485892633374175,0.8733594086221731,0
501296523,3.427303880989052,0.7602943615829929,0.06272747718504046,0.7093216592170004,0
2574489778,3.8252736323086776,0.947451542757687,0.06956621260940124,0.691420104065727,0
3850170421,2.881784674404208,0.8977532455461426,0.047435355359279285,0.7036256630855195,0
22870195,3.364273543810768,0.86064587454089,0.05471427571373646,0.7323392761167112,1
3561047516,2.7395354638924396,0.8095230346322161,0.055837592830910415,0.8924556029217114,1
1019341181,2.6623226071250032,0.7869435478371732,0.062163719225099244,0.7633752324575943,0
977497510,2.8633942574780207,0.7608590803454612,0.06897675850046062,0.874845226063991,1
2759300211,2.5774731911289814,0.8245985539879397,0.03285833309455177,0.8709806209362353,0
3947433485,3.2338228110288094,0.7195985231071216,0.030542535086750505,0.7233155087885018,0
4180159951,2.9820359996696943,0.851878293433136,0.03034626946515259,0.6756096459748623,0
3922513922,2.965965522231239,0.859502332036649,0.06400491983766844,0.6109471685946529,1
3588099412,2.619379480536679,0.7979290095483796,0.05451279127756926,0.718399653058166,0
2685371187,2.6359177565782077,0.8453953193564493,0.061173201828367586,0.7856476398732022,0
230142115,3.7015165072060845,0.8650188117775539,0.03725376367230048,0.8303287456880531,1
3060869437,3.9254845947495745,0.914430002520191,0.04521071667249462,0.8346954464476404,0
3612895318,2.599778609256806,0.7293704743490592,0.043243564212779195,0.7525603695423768,1
1350086549,3.4247849368313505,0.849956776400127,0.03318539270429654,0.6339452760507748,0
1910473472,3.5394649238093563,0.7531544683748946,0.0302371461725669,0.8792406149431782,1
520412193,3.3214587826637976,0.7650857383308829,0.0401894671631407,0.791283733243105,0
2928437537,2.765170376411595,0.8870429454698485,0.06795048502842016,0.6784908551540443,1
667388135,3.3118372493320525,0.7403337584271783,0.043328850123549215,0.7621967992317806,1
2590511090,3.268489096871801,0.7638525329871586,0.058856773477991266,0.726494199336023,0
44724111,3.524880306398386,0.7339307397313328,0.05650544130731623,0.7371618404077432,1
1674878170,3.290527401440026,0.703719643819706,0.06352469295892967,0.6399106026816435,0
2748453501,3.1689817000535543,0.7358322132888645,0.055304513746883874,0.8506128258384171,1
1343104770,2.7334036598065525,0.8925550596273184,0.061351539222628156,0.6041265080678898,1
1833648118,3.5626661385445444,0.8404666328137917,0.034981503211335724,0.6340440871056062,1
1607794885,3.0040785494340225,0.7776974691199813,0.04061141706056216,0.8528890950868852,0
1789870449,3.5951497419106784,0.9383550517940936,0.04805295101041631,0.8068395483318612,1
3895987919,3.4299185441667337,0.9039500895133289,0.06258289586196852,0.6172748357216998,0
3729516861,3.5069387961583462,0.7678325708071835,0.059864452563763285,0.8150725277825754,0
600103720,2.8154181928723774,0.9251333736292027,0.061611737379629744,0.6177576917204788,0
596290456,3.00172110761533,0.7576850709716223,0.06717379988134634,0.7130293216481682,1
2708474137,3.6036510943702256,0.7384154237269026,0.056164986383625035,0.7713370430075512,0
3075516105,2.784393765987522,0.8482291613236354,0.03801499712876613,0.8331036113226133,1
4256114212,3.949654104285532,0.937308610235889,0.0681146113325159,0.8214134431888803,0
2827606582,3.0336990292889032,0.7159371189384297,0.06988421084959293,0.8468322246545716,0
2605856186,2.7641838957334475,0.7638278767935254,0.054738148915449654,0.899531004506197,0
3989230131,3.0383797779332204,0.877539069734157,0.03784405258998838,0.8939765277622485,0
1367980832,3.7563230371494987,0.7318662227567723,0.06818558117331155,0.7661916631439251,0
2953441792,3.522875107232722,0.8327426643721709,0.05311109974363138,0.7245164966855051,0
1308638778,3.9861730825464017,0.7377523794545978,0.05513933238451571,0.7672976676806741,0
999642448,3.303080395099623,0.7552213847258548,0.037066797032422785,0.7052542029295296,1
2007332158,3.408451599494106,0.7662146192037543,0.03933457009675221,0.8041479497713634,0
520134849,3.6603067026203666,0.8715673016999281,0.03955085739503682,0.8846583285058676,1
2668778136,3.7563187793272683,0.9242567884354577,0.040775133702523045,0.7482202045162591,1
3044422044,3.8262810469973028,0.8167640976128675,0.060966639801762805,0.8544014324153716,1
3421778116,2.8828964009709246,0.8536178839493952,0.04565495553396887,0.8564305584276917,0
148231172,3.8960555962972383,0.7527058629463358,0.06245193794960462,0.7018705643868481,0
3707337727,3.083806138300271,0.8510136923129922,0.04404465073846433,0.7658183560324455,1
838840248,3.403657816787414,0.7302332339744034,0.04575510326708648,0.7429025722849731,0
4061527707,3.1523989107089907,0.8877697595839069,0.04609847791313795,0.6834772323554178,0
346141260,3.6393441167482923,0.9291730343590665,0.04143933477355495,0.7593918252223404,1
40125987,2.568942497542201,0.8431437202960792,0.06384939545784203,0.7853563302687006,1
947875716,3.879243604583273,0.7614783203576928,0.04714830832101315,0.8812458391268894,0
551897021,3.275808882184892,0.9115622878235244,0.052533987238570966,0.6131601883563685,1
2994635708,2.7660806736588803,0.9147056654929981,0.03197577675389231,0.6611998449116568,1
2616315349,3.867026631063714,0.8205207596751045,0.05067262110255579,0.73665035842559,1
2329472623,2.859771852575465,0.7153829209842834,0.048363890024039125,0.6282649251254224,1
1366651807,3.8498247480634302,0.8295681552733005,0.05578662585993237,0.6357619337001809,1
3569756197,2.552720117143898,0.7213037907678055,0.03524966776114907,0.7564971930454585,0
708917986,2.7546827252799613,0.7726581626276163,0.05403330086479373,0.7045523723965863,1
2522293963,2.610884560588698,0.8993353401352246,0.060160216280526105,0.7795965278038055,0
3305595830,3.2834241916616778,0.7250230689563159,0.030638032288017522,0.7957942977409819,1
1721699056,3.0514863003516703,0.7527468054778941,0.04882094744156937,0.7761734261233344,0
4209628973,3.1862970037392406,0.7442362795393311,0.04610530234861804,0.6075810608297307,0
2328591370,3.3293091632391363,0.926788658623532,0.0678416976974689,0.6235014441438468,1
1628316928,2.7858212107930185,0.8038103606281904,0.04629519625673005,0.6681908235208889,0
4291212259,3.0809278416199652,0.7019317291129941,0.03215940984084581,0.681256958200894,0
3876768429,2.850152725362074,0.7359736196325792,0.037423321559651154,0.7715752101841407,1
3187700722,3.343140855352295,0.8502665610234907,0.054366598969379315,0.7527528296163066,1
3075063992,3.592156358561762,0.8926648452083699,0.043953129498375536,0.6848623437481777,0
436242492,2.5139083456755014,0.7205999460011859,0.03991542874200192,0.7021253773551608,1
2428920916,3.1465987807004545,0.8760679310355465,0.03350487900212044,0.8643839422312782,1
1790709173,3.6124888664220447,0.9016979855188768,0.06618919038961363,0.8637240541627995,1
1357357030,2.8369340066513837,0.7160177711581117,0.0448111241247518,0.7954840307472171,0
211229867,2.505969008716304,0.8586242822378545,0.03921654906853295,0.851400735364735,1
373904763,2.5428416162531415,0.7178836381864679,0.04175955118150545,0.7716527646245922,1
4273785143,3.767261930998481,0.8726957046257746,0.048951230122486145,0.7834727862903934,1
2128672207,3.826405318781714,0.8212695014675713,0.06058075081206808,0.7755326145154446,1
4274608867,3.777677433574452,0.8942763886983347,0.04048137885563201,0.714478733613605,0
2337013088,3.33706774047218,0.7187312269315257,0.05814516927081617,0.8045635269879703,1
3012973741,3.4200266424152455,0.7250860387992677,0.052715210246127436,0.8649840471438615,1
1405034681,2.561116161353887,0.9178459560163452,0.03365902299132253,0.6135140185156632,0
1036587242,3.014612171436724,0.9195537685295407,0.05919122404434037,0.698493122072685,1
1062922382,3.407219046650686,0.8782331979979539,0.06058358045311462,0.7290981236341727,0
2918768897,3.2832573530708276,0.8497219858537778,0.04865945906860246,0.6229693945479712,1
2048393041,3.8537835367300084,0.8720529178744315,0.038111113572108085,0.6930801901450061,0
1565472204,3.3683728114247673,0.7749347909998914,0.040024217957034945,0.8717262231975667,1
1366554006,2.6067548504051157,0.9290714648639286,0.06569135241272198,0.7275228779655928,1
2493374061,3.0295493489015834,0.8909338806698228,0.04512414008166186,0.7756952972821443,0
2093225280,3.326591259463238,0.8131730828081223,0.03550313939953974,0.8466418333352214,0
3602849819,2.6947782548515886,0.9307102488002947,0.06452380066205596,0.6695741750595849,1
3893589438,3.8568615269407363,0.8589366350028426,0.03198331144141616,0.7016891424160367,0
4049387220,2.985233894515203,0.9462602885979665,0.057022936541321734,0.6074122166215503,0
1274077760,3.5380576465542743,0.7353160131090097,0.04832562251650015,0.8277932474903524,1
94214949,3.4106352573976615,0.8175677764662677,0.06710127646575831,0.6494961173311946,1
3567987414,3.2269386930134702,0.7510383710009951,0.052381176602208104,0.7557327403661721,0
4118662991,3.4965970872014873,0.8269386575825721,0.030470531957116978,0.6258714315422446,1
3022184786,3.7252741563543865,0.9484692055993409,0.04577188984663273,0.838409219122431,0
2978874097,2.97685799947542,0.8510492122304898,0.059178478748173155,0.884703204367104,1
1894084549,3.481077058520114,0.9478807218014683,0.06388368406843631,0.7481754926855558,1
3607159974,3.830170803962117,0.7804674392614088,0.041014138624037855,0.7135842546029458,0
514896276,3.595076037918189,0.7657474846994757,0.043799771466669565,0.8782185309101422,0
2205605456,3.6792140467044074,0.8720566352753613,0.03153652700703473,0.8051681328872824,1
1628214986,2.909456059879347,0.8699790814683737,0.0370700379806277,0.868054238967918,0
251661467,2.5607157527386026,0.7535644276035562,0.046588214093531755,0.6298555887888352,0
1252062196,3.7356952324253268,0.7706187474747686,0.06629214821371032,0.7857912122935387,1
864660982,2.7757217713683278,0.8764629163784396,0.057274545323273744,0.8340276756320426,0
2144868558,3.253893073192617,0.8664369384954679,0.06512143867387746,0.7956943759516052,0
1463217121,3.622128416729316,0.9366401490889402,0.03813733318687662,0.6150755099050887,1
2866893535,3.5703128259184247,0.7125427030666645,0.058217877926796016,0.8526450156097157,0
1409363162,3.8433218731888976,0.9146021130899596,0.05691956862933591,0.7230062801457801,0
3707202183,3.116367621912205,0.8179418351241401,0.039980351653194156,0.6052609993476541,1
3866316051,3.644286683054376,0.8507425524922549,0.048761570409051214,0.7851562528969729,0
3189349290,2.9522185521537785,0.9376661849068051,0.04514885331291924,0.6057097929392782,1
606128396,3.874615348821791,0.8051741725569495,0.03198455779454499,0.7373132277809213,0
2178441878,3.1324806113226242,0.9250784752073236,0.04313612173049594,0.6633844402962888,0
2425948800,3.057792756445444,0.8429949364370203,0.05076399150305773,0.7570253050118662,0
228769634,3.1512108890970634,0.9172829052629903,0.061322006476299394,0.838526025679765,1
2700587706,3.2847684265218384,0.7129120976041601,0.03194630280582461,0.740389920861231,1
2135322978,3.761515153532142,0.9309478948839028,0.040722399729804674,0.8603460151849848,0
2633353003,2.6614217547478556,0.8607117910439965,0.0518675049311441,0.6093502883935595,0
4186347966,2.5828142755800907,0.755867278455668,0.04233907476698713,0.6228023031089279,1
1755920038,3.7629989889455744,0.7489401073632729,0.055013982683896824,0.6674768975643246,0
3199026479,2.5390156694383017,0.9088074544961199,0.06767763862391867,0.6057512801261475,1
3296066292,3.626611218489739,0.7209701749619283,0.06653945755721202,0.7760183882754543,0
2180757253,2.7377666172780137,0.7094786217786474,0.03982056995837098,0.7475057882767098,0
604554320,3.6857169255735385,0.7737397578668429,0.04115620966245074,0.6679797717014365,1
1450974591,3.8953184846348634,0.852220060183522,0.05759590625016938,0.7638636382150736,1
2807069611,3.7534865512304547,0.7975799801380181,0.061316702727829374,0.87578920093855,0
696389007,3.6445971566038287,0.8397654244676205,0.05184593015084555,0.8278453046979843,0
3432972298,3.395887464704879,0.8068695069800181,0.0564354450749599,0.7301966065328869,1
1467037999,2.670212199160477,0.933842734248181,0.03768523050055854,0.7485827702588669,0
2145702980,3.35066052485419,0.7884799281255821,0.03354994760704087,0.7284628434971229,1
3303182923,3.3827515258392795,0.713303798786141,0.06052388184530254,0.8622840716284252,1
179508206,2.9592127838946034,0.7223586604017891,0.04388893600753503,0.7914053053849607,0
3473569038,2.912751885779081,0.774778090258464,0.05367707364320094,0.7560296267597789,1
3523550486,3.5881402646610163,0.755427246020819,0.0663333869346721,0.7544255373692174,1
2386671624,3.8954827807962977,0.73327175119785,0.05640637254606709,0.752994643406202,1
2373276289,2.821965115559446,0.7913923154656294,0.05258406065274725,0.7113606749210964,1
3935827408,3.2117195373124128,0.9155153573197155,0.04604052210211207,0.7286743534099663,0
554493468,3.8253719737055683,0.89977790700804,0.04804637879953618,0.6390285018095138,0
3532014615,3.0597021644356914,0.7034191114816235,0.06383827656921193,0.8214131337390459,0
1708751022,3.012695688186959,0.885086628151723,0.0499738970800621,0.6253962729419487,0
1177652128,3.201947544160454,0.9474881481724866,0.052452557149722454,0.6356518906600718,1
3434541166,3.368664040678332,0.8239334726837801,0.046714096904343486,0.7157798095314772,1
3033621058,2.777607245253249,0.7896250660351936,0.06237918987646826,0.6905640905223098,0
1876960476,2.9310059485184174,0.9123575920733337,0.04177502948905957,0.6766026104483099,1
1515049489,3.9979904393818186,0.7456188724016458,0.061515824851947606,0.890616893483785,1
1992865110,3.708898311658095,0.7166823534292226,0.03622680817439728,0.837157231123251,0
2049555805,3.002152814471721,0.7285193887183028,0.04623709814916831,0.6308876887978768,1
1419956234,3.459116072355285,0.8338743037112293,0.056327700912541495,0.7184306085641731,1
561976555,3.793922429221653,0.8187655903389696,0.046174649955203075,0.8046517364331726,0
3125563281,3.965220750761931,0.806917669304755,0.0563958370510253,0.8634959329711769,1
1588436213,3.1347021372314794,0.8137840397634656,0.030370378206047613,0.7404682673669871,1
1115214730,2.7803525284856456,0.8017272781289431,0.05461938231787159,0.846122784168307,0
3319239803,3.5222370569142347,0.881796747304129,0.06607447037017852,0.8050607609608046,0
2951652443,3.9173053627575554,0.9466460917183,0.033260700629191786,0.8813618932052916,0
44626906,3.5424450147760513,0.704842509013095,0.03554619384968376,0.7742175367552246,0
4215350291,2.9542986389031336,0.8941541930214617,0.04415949241393114,0.7180354259543198,1
2376449555,3.009527342566562,0.778087779431629,0.061636731649772326,0.6649072977494782,1
3869963863,2.623884434965748,0.8794214482155818,0.06448772294596322,0.6315909800116989,0
2110295714,2.9680610051746426,0.769162379565703,0.04959381779364126,0.8379036532168207,0
1581054337,2.6219086954451813,0.7831774857123416,0.03594038949775327,0.7307099708154243,1
1405750484,3.350704391614015,0.7073496464074023,0.058915700765987816,0.7790491094180225,1
1785333337,3.844719683919557,0.8568286273346137,0.03744981797506066,0.6512824211008865,1
1234636559,3.6498108376652985,0.7323017821757152,0.03017780146176418,0.8794764153628349,0
1411994777,3.7666692688465195,0.8069363549300271,0.031370139925906745,0.8003906082797934,0
2027384794,3.974251117721742,0.7652948708890492,0.04301848377678522,0.8365255252684094,0
798205645,3.7372187092597517,0.7298939877124986,0.05327414930589966,0.6397657635822688,0
1878550761,3.2936987800155033,0.9271655939583032,0.04378043355556034,0.705333585347503,0
3419861258,3.8855111772677198,0.8916290428180411,0.03543553554684771,0.6620992954744087,0
39118112,3.0231971065891194,0.9171045334466945,0.042889578995494324,0.6850937373744953,0
862959977,3.5265874555782966,0.7851953324741724,0.030751460766971234,0.7360594488274448,0
2643229916,2.7564448818452694,0.7033856834976515,0.06101418237567446,0.6349895853534782,1
2918502034,3.636375648595384,0.7186081043029034,0.057499932105279594,0.731958153667604,1
2412290883,3.032955106454816,0.8906223940584267,0.056042440339282684,0.6547055064934244,1
3060755144,3.3406704897623856,0.8114679621115144,0.0658559252329421,0.8199391812486834,0
2553619530,3.386934076788272,0.946503122000228,0.05632844263972139,0.6386143381290751,1
3638058306,3.658150785162312,0.7826091279834191,0.04666727968529275,0.7064772165753012,1
1876077517,2.624315327991907,0.7111203684686751,0.05811010366512552,0.878076780722213,1
3060415359,3.47545329496576,0.9207839526412698,0.03746208936988575,0.8759960143271801,0
4101493322,3.3872842502860343,0.8208778133936807,0.03533218750256459,0.6663803254843249,0
154972763,3.951893383965511,0.8925052180055749,0.0546539710326715,0.7670321489260933,0
2277433616,3.3501916429404317,0.858192533408399,0.060815790536032775,0.7104548514071173,1
2792840810,3.110489473915882,0.8621098517386803,0.037385891025523386,0.8359140860682901,1
3774797284,3.7968667757339136,0.8423214196147691,0.048333037333044435,0.6748399652163499,1
2585460178,3.9817039841171877,0.7268099342598804,0.046513852308704945,0.648521569096357,0
3081604525,3.6889781468953196,0.8448169683406308,0.04206968566522413,0.6796974262300081,0
1717060987,3.263924256943449,0.8771870127151927,0.033679359253987705,0.7967132237320919,1
493163658,2.679818540822082,0.9211976878192932,0.05841659589766267,0.7256422303541349,0
363283952,3.1921282479341366,0.821694578956801,0.032661612313954466,0.8401582842735301,0
2998805573,2.9636624316613123,0.7484736909915007,0.06827936642902646,0.7271479278394783,0
3279008564,3.3800068119209117,0.8804881750174312,0.04652418169843698,0.7138017743439443,0
3684968988,2.9362381726187463,0.7437340922631938,0.06810241875721233,0.7382104418750606,0
1068473947,2.6527455889990277,0.7534823396921083,0.04902415300581192,0.8021931168101373,1
2527552159,3.6527661649604233,0.7497053059650451,0.04453423273654773,0.649968524530167,0
4014334168,3.5855644500394845,0.9269322016795788,0.06629501927626763,0.7445663411828057,0
4006811718,3.317425686460574,0.7509553768120699,0.06875119483615345,0.7103791277465132,0
1732290140,3.6148175453954057,0.8270891422490508,0.03193874661757728,0.8401950013224493,0
874822858,2.6152592473810414,0.7514069051977227,0.0464142539209799,0.6586088808206781,0
2975093614,2.7988884178450544,0.8530893037834104,0.044314920647750916,0.8040646610774653,0
4164705917,3.6961037153778955,0.9050219695674881,0.04247889574563189,0.7727562722776975,1
1728881625,2.903842605327609,0.798423981088384,0.05158031443324593,0.637688927064491,1
3643239664,2.5157264958011347,0.9059732430117382,0.04041299382231117,0.8111838770968776,0
172463529,3.2880512161194506,0.9177106588362618,0.04410648562255895,0.6692720679932018,0
1924890975,3.5635609828175143,0.7816141310174395,0.06493780977417418,0.7106108801407524,1
214746188,3.723929561268445,0.9196048792250642,0.03581171127813967,0.8577198689331083,1
2245492144,2.7088458785984013,0.7826859433141125,0.045505411177613884,0.7551426163252601,0
10538392,3.9381765940245304,0.7628887658654222,0.05685166716980754,0.6680606424892899,0
3121708223,3.1065654125826545,0.8742409209112919,0.06426594988546272,0.6359345968948374,0
